from,to,legal_start
RW827,RX242,2006-04-01
RW834,RX248,2006-04-01
RW802,RX220,2006-04-01
RW803,RX221,2006-04-01
RW804,RX222,2006-04-01
RW805,RX223,2006-04-01
RW806,RX224,2006-04-01
RW807,RX225,2006-04-01
RW809,RX226,2006-04-01
RW810,RX227,2006-04-01
RW812,RX228,2006-04-01
RW814,RX229,2006-04-01
RW815,RX230,2006-04-01
RW816,RX231,2006-04-01
RW817,RX232,2006-04-01
RW818,RX233,2006-04-01
RW819,RX234,2006-04-01
RW820,RX235,2006-04-01
RW821,RX236,2006-04-01
RW822,RX237,2006-04-01
RW823,RX238,2006-04-01
RW824,RX239,2006-04-01
RW829,RX244,2006-04-01
RW825,RX240,2006-04-01
RTV26,A6Y9H,2021-06-01
RTV69,X4M4B,2021-06-01
RVXFQ,RX3JD,2006-04-01
RVXFR,RX3JE,2006-04-01
RVXFT,RX3JF,2006-04-01
RVXFX,RX3JG,2006-04-01
RVXGA,RX3JH,2006-04-01
RVXGF,RX3JJ,2006-04-01
RVXGG,RX3JK,2006-04-01
RVXGJ,RX3JL,2006-04-01
RVXGK,RX3JM,2006-04-01
RVXGL,RX3JN,2006-04-01
RVXGR,RX3JP,2006-04-01
RVXGW,RX3JQ,2006-04-01
RVXGX,RX3JR,2006-04-01
RVXHG,RX3JW,2006-04-01
RVXHL,RX3KC,2006-04-01
RVXKB,RX3KF,2006-04-01
RVXMB,RX3KH,2006-04-01
RVXMP,RX3KK,2006-04-01
RVXNR,RX3KL,2006-04-01
RVXOH,RX3KM,2006-04-01
RW6,RM3,2021-10-01
RW6,R0A,2021-10-01
RW8,RX2,2006-04-01
RXD,RX2,2006-04-01
RW9,RX4,2006-04-01
RW832,RX246,2006-04-01
RVXPD,RX3KP,2006-04-01
RVXPS,RX3KR,2006-04-01
RVXQW,RX3KT,2006-04-01
RVXRL,RX3MV,2006-04-01
RVXSA,RX3KV,2006-04-01
RVXSC,RX3KW,2006-04-01
RVXSH,RX3KX,2006-04-01
RVXSL,RX3KY,2006-04-01
RVXST,RX3LA,2006-04-01
RW837,RX250,2006-04-01
RW839,RX252,2006-04-01
RN333,AXG01,2016-07-01
RTVH6,B6E9H,2021-06-01
RW845,RX257,2006-04-01
RW840,RX253,2006-04-01
RVXTK,RX3LC,2006-04-01
RVXTR,RX3LD,2006-04-01
RVXTZ,RX3LE,2006-04-01
RVXWL,RX3LF,2006-04-01
RVXWS,RX3LG,2006-04-01
RVXXY,RX3LH,2006-04-01
RW9AC,RX4J9,2006-04-01
RW9AD,RX4J4,2006-04-01
RW9AH,RX447,2006-04-01
RW9BH,RX438,2006-04-01
RW9BR,RX436,2006-04-01
RW9CA,RX4K9,2006-04-01
RW9CC,RX459,2006-04-01
RW9CL,RX4J6,2006-04-01
RW9CR,RX452,2006-04-01
RW9CW,RX4L2,2006-04-01
RW9DH,RX444,2006-04-01
RW9DR,RX460,2006-04-01
RW9EL,RX4L1,2006-04-01
RW9EM,RX458,2006-04-01
RW9EW,RX461,2006-04-01
RW9EY,RX4J2,2006-04-01
RW9GK,RX4K2,2006-04-01
RW9GP,RX4K3,2006-04-01
RW9GQ,RX464,2006-04-01
RW9GS,RX4K1,2006-04-01
RW9GT,RX434,2006-04-01
RW9GU,RX456,2006-04-01
RW9GW,RX4L4,2006-04-01
RW9HA,RX462,2006-04-01
RW9HC,RX440,2006-04-01
RW9HD,RX439,2006-04-01
RW9JF,RX4J8,2006-04-01
RW9JN,RX4L3,2006-04-01
RW9LC,RX453,2006-04-01
RW9LD,RX443,2006-04-01
RW9LH,RX463,2006-04-01
RW9MP,RX451,2006-04-01
RW9NH,RX4K5,2006-04-01
RW9PH,RX449,2006-04-01
RW9QC,RX448,2006-04-01
RW9RG,RX441,2006-04-01
RW9RH,RX4J5,2006-04-01
RW9SQ,RX4K6,2006-04-01
RW9SR,RX465,2006-04-01
RW9SS,RX4J1,2006-04-01
RW9ST,RX466,2006-04-01
RW9SW,RX445,2006-04-01
RW9TH,RX454,2006-04-01
RW9TL,RX455,2006-04-01
RW9TR,RX442,2006-04-01
RW9TU,RX4K7,2006-04-01
RW9WA,RX437,2006-04-01
RW9WC,RX446,2006-04-01
RW9WK,RX4K8,2006-04-01
RLN09,R0B0W,2019-04-01
RW9WR,RX435,2006-04-01
RW9WS,RX4J3,2006-04-01
RW9WY,RX4J7,2006-04-01
8D642,DTY,2018-04-01
V169AA,313AA,2013-04-01
V211AA,323AA,2013-04-01
612,916,2020-04-01
810,738,2019-04-01
811,738,2019-04-01
V151AA,731AA,2013-04-01
V156AA,711AA,2013-04-01
RW849,RX261,2006-04-01
RQ607,REM72,2019-10-01
V133AA,702AA,2013-04-01
V136AA,723AA,2013-04-01
V138AA,704AA,2013-04-01
V140AA,724AA,2013-04-01
V145AA,706AA,2013-04-01
T1431,X2601,2013-04-01
RW828,RX243,2006-04-01
RD312,R0D02,2020-10-01
RD304,R0D01,2020-10-01
RXH27,RYR07,2021-04-01
RXH28,RYR31,2021-04-01
RXH29,C9O2H,2021-04-01
RXH59,M0I5J,2021-04-01
RTVA1,F8T3F,2021-06-01
RQ612,REMBK,2019-10-01
RQN01,RYJ02,2007-10-01
RQN02,RYJ03,2007-10-01
RQN03,RYJ04,2007-10-01
RQN51,RYJ51,2007-10-01
RQN52,RYJ52,2007-10-01
RW841,RX254,2006-04-01
RLNGT,R0B0Q,2019-04-01
RLN06,R0B02,2019-04-01
RLN07,R0B0K,2019-04-01
RXH37,RYR04,2021-04-01
RXH32,M3N0N,2021-04-01
RW826,RX241,2006-04-01
RW847,RX259,2006-04-01
RD300,R0D01,2020-10-01
RW848,RX260,2006-04-01
RC3,R1K,2014-10-01
RW830,RX245,2006-04-01
RTV68,I8H1N,2021-06-01
RM2,R0A,2017-10-01
RLN,R0B,2019-04-01
RVX,RX3,2006-04-01
RNL,RNN,2019-10-01
RXH22,C1C6K,2021-04-01
RQ620,REMBG,2019-10-01
RXH35,P4W3M,2021-04-01
RE904,R0B0E,2019-04-01
RE905,R0B0Y,2019-04-01
RE908,R0B0V,2019-04-01
RTV34,B8A6J,2021-06-01
RTV67,W9K0W,2021-06-01
RTV70,U6V1H,2021-06-01
RTV94,H8V1B,2021-06-01
RW833,RX247,2006-04-01
RV7,RWN,2010-04-01
RTV31,M0Z4I,2021-06-01
RTV46,J4O8Q,2021-06-01
RTV59,G8J4S,2021-06-01
RXH10,Q0W5X,2021-04-01
RDZ01,R0D11,2020-10-01
RTV14,Z7T1B,2021-06-01
RQ621,REM05,2019-10-01
RXH46,C0I4W,2021-04-01
RXH47,F3B1E,2021-04-01
RXH43,M4Q4V,2021-04-01
TAE,RXV,2017-01-01
RJX,RW4,2016-07-01
RDZ05,R0D03,2020-10-01
RDZ10,R0D0H,2020-10-01
RXH17,X8T7H,2021-04-01
RTV17,V2N2D,2021-06-01
RTVH9,S6B9Z,2021-06-01
8HH18,GEV,2020-12-08
8HG89,NCL,2019-05-07
RDZ,R0D,2020-10-01
RBB,RD1,2015-02-01
RE9GC,R0B1A,2019-04-01
RW836,RX249,2006-04-01
RPL,RYR,2009-04-01
RPR,RYR,2009-04-01
RCS,RX1,2006-04-01
RLN05,R0B0M,2019-04-01
RN313,AXG02,2016-07-01
RQ602,REMBC,2019-10-01
RQ604,REMBD,2019-10-01
RQ608,REMAX,2019-10-01
RXH36,P2U4G,2021-04-01
RTVA3,C2K7R,2021-06-01
RTVA4,A1M1O,2021-06-01
RBF,RTH,2011-11-02
RTV,RW4,2021-06-01
RQ601,REMAH,2019-10-01
RQ614,REMBB,2019-10-01
RQ617,REMRQ,2019-10-01
RQ626,REMAP,2019-10-01
RQ627,REM73,2019-10-01
RQ633,REMAB,2019-10-01
RQ634,REM98,2019-10-01
RD311,R0D0L,2020-10-01
RDZ20,R0D02,2020-10-01
RDZ00,R0D02,2020-10-01
RQ636,REMAG,2019-10-01
RLN10,R0B16,2019-04-01
RLNGM,R0B0X,2019-04-01
8C010,DLD,2019-03-11
RXH18,B9S0X,2021-04-01
RGQ,RDE,2018-06-30
RRD,R1L,2017-04-01
RN3C5,AXG03,2016-07-01
RQ630,REMBF,2019-10-01
RQ631,REM89,2019-10-01
RWQ11,R1A49,2011-07-01
RWQ04,R1A47,2011-07-01
RWQ01,R1ADY,2011-07-01
RWQ10,R1A17,2011-07-01
RWQ14,R1A41,2011-07-01
RWQ15,R1A39,2011-07-01
RWQ16,R1A99,2011-07-01
RWQ17,R1A74,2011-07-01
RWQ18,R1A12,2011-07-01
RWQ19,R1ACY,2011-07-01
RWQ20,R1A22,2011-07-01
RWQ21,R1ACF,2011-07-01
RWQ24,R1AAV,2011-07-01
RWQ25,R1A37,2011-07-01
RWQ26,R1A46,2011-07-01
RWQ27,R1ACC,2011-07-01
RWQ28,R1A51,2011-07-01
RWQ29,R1A57,2011-07-01
RWQ31,R1AEA,2011-07-01
RWQ32,R1A84,2011-07-01
RWQ33,R1AEF,2011-07-01
RWQ34,R1ADA,2011-07-01
RWQ35,R1A40,2011-07-01
RWQ36,R1A25,2011-07-01
RWQ39,R1AAM,2011-07-01
RWQ40,R1AA2,2011-07-01
RWQ41,R1AAT,2011-07-01
RWQ43,R1A1F,2011-07-01
RWQ46,R1A77,2011-07-01
RWQ47,R1A76,2011-07-01
RWQ53,R1A75,2011-07-01
RWQ77,R1A78,2011-07-01
RWQ79,R1AAE,2011-07-01
RWQ82,R1A94,2011-07-01
RWQ84,R1A85,2011-07-01
RWQ88,R1A21,2011-07-01
RWQ89,R1AA3,2011-07-01
RWQ90,R1AEH,2011-07-01
RWQ92,R1A89,2011-07-01
RWQ93,R1AAY,2011-07-01
RWQ97,R1A1Y,2011-07-01
RWQ98,R1AFQ,2011-07-01
RWQF9,R1ACD,2011-07-01
RWQH1,R1A1V,2011-07-01
RWQJ6,R1ADW,2011-07-01
RWQK1,R1ACN,2011-07-01
RWQL3,R1A61,2011-07-01
RWQL4,R1A65,2011-07-01
RWQM8,R1A1R,2011-07-01
RWQM9,R1A14,2011-07-01
RWQN1,R1ACE,2011-07-01
RWQN2,R1ACH,2011-07-01
RWQN3,R1ACV,2011-07-01
RWQN5,R1AAD,2011-07-01
RWQP1,R1AER,2011-07-01
RWQP7,R1ACM,2011-07-01
RWQP9,R1A1C,2011-07-01
RWQW1,R1AEC,2011-07-01
RWQW2,R1AED,2011-07-01
RXH58,RYR16,2021-04-01
RM4,RW3,2012-04-01
RN1,RN5,2012-01-10
RXH21,H2U6X,2021-04-01
RQ632,REM06,2019-10-01
102,H6X4G,2023-04-01
102,W8X1Q,2023-04-01
RDZ11,R0D05,2020-10-01
RDZ12,R0D06,2020-10-01
RDZ14,R0D09,2020-10-01
RDZ15,R0D0B,2020-10-01
RDZ16,R0D01,2020-10-01
RDZ17,R0D0I,2020-10-01
RDZ19,R0D0J,2020-10-01
RDZ22,R0D0E,2020-10-01
RD310,R0D0K,2020-10-01
RBA,RH5,2020-04-01
8HW06,DNE,2019-04-01
RLN18,R0B03,2019-04-01
RTV23,U8F4A,2021-06-01
RTV30,H8F4D,2021-06-01
RTV33,D4A4S,2021-06-01
RTV35,D9V2W,2021-06-01
RTV54,P4W6C,2021-06-01
RTV56,L7W8Z,2021-06-01
RLN20,R0B0R,2019-04-01
504,U6Q5Z,2021-04-01
504,Z9D4Z,2021-04-01
R1G,RA9,2015-10-01
RDZ50,R0D08,2020-10-01
RTVM1,I6W3G,2021-06-01
RTVL7,R5V0M,2021-06-01
RTVL8,G1L6F,2021-06-01
RTVL9,T7B0C,2021-06-01
RTVM2,Q7N6D,2021-06-01
RTVM5,M9F1N,2021-06-01
RTVM6,Z8H9C,2021-06-01
RTVF3,G5N1E,2021-06-01
RTVG3,T0D2U,2021-06-01
RTVG4,V8N7T,2021-06-01
RTVG5,G2M7S,2021-06-01
5QH,R1J,2013-04-01
RD321,R0D14,2020-10-01
RD322,R0D15,2020-10-01
RD323,R0D13,2020-10-01
RNJ,R1H,2012-04-01
RNH,R1H,2012-04-01
RGC,R1H,2012-04-01
5CC27,TAP26,2010-04-01
5CC27,TAP27,2010-04-01
5CC28,TAP28,2010-04-01
5CC29,TAP29,2010-04-01
RT6,RMY,2012-01-01
RTV96,K1W7L,2021-06-01
RTV97,E0V8J,2021-06-01
RTV99,J3T0P,2021-06-01
RGZ,RYQ,2009-04-01
V001AA,108AA,2013-04-01
RXH60,RYR24,2021-04-01
T1310,X25,2013-04-01
RE937,R0B0T,2019-04-01
RE938,R0B0S,2019-04-01
V112,242,2013-04-01
V333,249,2013-04-01
RXH40,M0X9U,2021-04-01
V016,122,2013-04-01
V161,305,2013-04-01
V186,138,2013-04-01
V017,156,2013-04-01
RLU,RQ3,2017-02-01
8HN48,AJ6,2018-10-01
V400,045,2013-04-01
V401,036,2013-04-01
V402,044,2013-04-01
V403,052,2013-04-01
V404,030,2013-04-01
V405,026,2013-04-01
V159,713,2013-04-01
V164,308,2013-04-01
V020,379,2013-04-01
V047,124,2013-04-01
V045,102,2013-04-01
V048,146,2013-04-01
V050,183,2013-04-01
V051,303,2013-04-01
V052,506,2013-04-01
V053,118,2013-04-01
V054,130,2013-04-01
V022,142,2013-04-01
V055,154,2013-04-01
RDZ21,R0D0K,2020-10-01
RXH39,RYR98,2021-04-01
RTVX9,S7I1J,2021-06-01
RXH50,I9G4S,2021-04-01
V063,912,2013-04-01
RXH,RYR,2021-04-01
RLN08,R0B0D,2019-04-01
RPR01,RYR16,2009-04-01
RPR06,RYR15,2009-04-01
RPR08,RYR18,2009-04-01
RPR09,RYR14,2009-04-01
RPR40,RYR02,2009-04-01
RPR42,RYR10,2009-04-01
RPR43,RYR12,2009-04-01
RPR44,RYR13,2009-04-01
RPR45,RYR08,2009-04-01
RPR46,RYR01,2009-04-01
RPR51,RYR07,2009-04-01
T1160,X80,2013-04-01
V274,165,2013-04-01
V261,179,2013-04-01
V118,904,2013-04-01
V373,209,2013-04-01
V330,123,2013-04-01
RBZ,RH8,2022-04-01
RPR53,RYR06,2009-04-01
RPR54,RYR11,2009-04-01
RPR55,RYR09,2009-04-01
RPRTC,RYR05,2009-04-01
RPL03,RYR14,2009-04-01
RPL04,RYR18,2009-04-01
RPL06,RYR03,2009-04-01
RPL07,RYR19,2009-04-01
RPL08,RYR09,2009-04-01
RPL09,RYR12,2009-04-01
RPL10,RYR13,2009-04-01
RPL11,RYR02,2009-04-01
RPL12,RYR08,2009-04-01
RPL13,RYR16,2009-04-01
RPL14,RYR17,2009-04-01
RPL15,RYR07,2009-04-01
RGZ01,RYQ10,2009-04-01
RGZ02,RYQ11,2009-04-01
RGZ05,RYQ25,2009-04-01
RGZ06,RYQ26,2009-04-01
RGZ07,RYQ20,2009-04-01
RGZ10,RYQ21,2009-04-01
RGZ11,RYQ22,2009-04-01
RGZ12,RYQ50,2009-04-01
RGZ14,RYQ27,2009-04-01
RGZ15,RYQ23,2009-04-01
RGZ16,RYQ24,2009-04-01
RE916,R0B04,2019-04-01
RXH33,H7S0C,2021-04-01
RXH42,RYR18,2021-04-01
RW844,RX256,2006-04-01
RTVE7,V9J2C,2021-06-01
RTVE9,E5U5O,2021-06-01
V027,295,2013-04-01
V174,189,2013-04-01
V260,169,2013-04-01
RD3,R0D,2020-10-01
V406,016,2013-04-01
V407,018,2013-04-01
V408,020,2013-04-01
V409,014,2013-04-01
V410,012,2013-04-01
V411,042,2013-04-01
V412,048,2013-04-01
V413,034,2013-04-01
V414,050,2013-04-01
V415,028,2013-04-01
V416,024,2013-04-01
RW850,RX262,2006-04-01
RW851,RX263,2006-04-01
RW852,RX264,2006-04-01
RW853,RX265,2006-04-01
RW854,RX266,2006-04-01
RW855,RX267,2006-04-01
RW856,RX268,2006-04-01
RW857,RX269,2006-04-01
RW858,RX270,2006-04-01
RW859,RX271,2006-04-01
RW860,RX272,2006-04-01
RW861,RX273,2006-04-01
RW862,RX274,2006-04-01
RW863,RX275,2006-04-01
RW864,RX276,2006-04-01
RW865,RX277,2006-04-01
RW866,RX278,2006-04-01
RW867,RX279,2006-04-01
RW868,RX280,2006-04-01
RW869,RX281,2006-04-01
RW870,RX283,2006-04-01
RW870,RX282,2006-04-01
RW872,RX284,2006-04-01
RW873,RX285,2006-04-01
RW874,RX286,2006-04-01
RW875,RX287,2006-04-01
RW876,RX288,2006-04-01
RW877,RX289,2006-04-01
RW878,RX290,2006-04-01
RW879,RX291,2006-04-01
RW880,RX292,2006-04-01
RW881,RX293,2006-04-01
RW882,RX294,2006-04-01
RW883,RX295,2006-04-01
RW886,RX296,2006-04-01
RW887,RX297,2006-04-01
RW888,RX298,2006-04-01
RW889,RX299,2006-04-01
RW890,RX2A1,2006-04-01
RW891,RX2A2,2006-04-01
RW892,RX2A3,2006-04-01
RW894,RX2A5,2006-04-01
RW895,RX2A6,2006-04-01
RW896,RX2A7,2006-04-01
RW897,RX2A8,2006-04-01
RW898,RX2A9,2006-04-01
RW899,RX2C1,2006-04-01
RW8A1,RX2C2,2006-04-01
RW8A2,RX2C3,2006-04-01
RW8A3,RX2C4,2006-04-01
RW8A4,RX2C5,2006-04-01
RW8A7,RX2C6,2006-04-01
RW8A8,RX2C7,2006-04-01
RW8A9,RX2C8,2006-04-01
RW8AA,RX2C9,2006-04-01
RW8AD,RX2D2,2006-04-01
RW8AH,RX2D5,2006-04-01
RW8AJ,RX2D6,2006-04-01
RW8AL,RX2D7,2006-04-01
RW8AM,RX2D8,2006-04-01
RW8AN,RX2D9,2006-04-01
RW8AP,RX2E1,2006-04-01
RW8AQ,RX2E2,2006-04-01
RW8AR,RX2E3,2006-04-01
RE920,R0B19,2019-04-01
RE921,R0B13,2019-04-01
RE922,R0B0U,2019-04-01
V417,040,2013-04-01
V418,032,2013-04-01
V419,046,2013-04-01
V420,038,2013-04-01
V421,022,2013-04-01
8HV02,DXK,2019-12-01
V008,614,2013-04-01
V129,717,2013-04-01
V136,723,2013-04-01
V203,241,2013-04-01
V213,325,2013-04-01
V215,157,2013-04-01
V216,194,2013-04-01
V212,324,2013-04-01
8AN83,APX02,2015-04-01
V103,620,2013-04-01
V185,606,2013-04-01
V134,721,2013-04-01
V365,807,2013-04-01
V376,212,2013-04-01
V327,414,2013-04-01
V044,906,2013-04-01
RW8AT,RX2E4,2006-04-01
RXD01,RX2E5,2006-04-01
RXD02,RX2E6,2006-04-01
RXD03,RX2E7,2006-04-01
RXD04,RX2E8,2006-04-01
RXD06,RX2E9,2006-04-01
RXD07,RX2F1,2006-04-01
RXD08,RX2F2,2006-04-01
RXD09,RX2F3,2006-04-01
RXD11,RX2F5,2006-04-01
RXD12,RX2F6,2006-04-01
RXD13,RX2F7,2006-04-01
RXD14,RX2F8,2006-04-01
RXD16,RX2G1,2006-04-01
RXD17,RX2G2,2006-04-01
RXD18,RX2G3,2006-04-01
RXD19,RX2G4,2006-04-01
RXD20,RX2G5,2006-04-01
RXD21,RX2G6,2006-04-01
RXD22,RX2G7,2006-04-01
RXD33,RX2G8,2006-04-01
RXD34,RX2G9,2006-04-01
RXD36,RX2H1,2006-04-01
RXD50,RX2H2,2006-04-01
RXD59,RX2H3,2006-04-01
RXD60,RX2H4,2006-04-01
RXD61,RX2H5,2006-04-01
RXD62,RX2H6,2006-04-01
RXD98,RX2H7,2006-04-01
RXD99,RX2H8,2006-04-01
RXDCX,RX2H9,2006-04-01
RXDCY,RX2J1,2006-04-01
RXDDA,RX2J2,2006-04-01
RXDDC,RX2J3,2006-04-01
RXDDD,RX2J4,2006-04-01
RXDDF,RX2J6,2006-04-01
RXDDG,RX2J7,2006-04-01
RXDDH,RX2J8,2006-04-01
RXDDJ,RX2J9,2006-04-01
RXDDK,RX2K1,2006-04-01
RXDDM,RX2K2,2006-04-01
RXDDN,RX2K3,2006-04-01
RXDDP,RX2K4,2006-04-01
RXDDQ,RX2K5,2006-04-01
RXDDT,RX2K6,2006-04-01
RXDDV,RX2K7,2006-04-01
RXDDW,RX2K8,2006-04-01
RXDDX,RX2K9,2006-04-01
RXDDY,RX2L1,2006-04-01
RXDEA,RX2L2,2006-04-01
RXDEC,RX2L3,2006-04-01
RXDEE,RX2L4,2006-04-01
RXDEF,RX2L5,2006-04-01
RXDEG,RX2L6,2006-04-01
RXDEH,RX2L7,2006-04-01
RXDEJ,RX2L8,2006-04-01
RW846,RX258,2006-04-01
RW843,RX255,2006-04-01
RW838,RX251,2006-04-01
RTVH2,P1I4C,2021-06-01
RTVH3,U9E8Z,2021-06-01
V001,108,2013-04-01
V057,171,2013-04-01
V058,187,2013-04-01
V060,260,2013-04-01
RLN01,R0B15,2019-04-01
RA4,RH5,2023-04-01
RQQ,RGN,2017-04-01
V137,703,2013-04-01
V046,115,2013-04-01
V119,152,2013-04-01
V127,714,2013-04-01
V049,162,2013-04-01
V170,812,2013-04-01
V332,234,2013-04-01
V245,315,2013-04-01
V178,254,2013-04-01
V317,206,2013-04-01
V010,617,2013-04-01
V091,114,2013-04-01
V337,805,2013-04-01
V072,354,2013-04-01
V168,312,2013-04-01
V355,284,2013-04-01
V318,207,2013-04-01
V296,383,2013-04-01
V329,609,2013-04-01
V102,363,2013-04-01
V151,731,2013-04-01
V150,730,2013-04-01
V148,708,2013-04-01
V149,709,2013-04-01
V147,729,2013-04-01
RWQ,R1A,2011-07-01
RT3,RJ1,2021-02-01
RE9,R0B,2019-04-01
V064,174,2013-04-01
V065,188,2013-04-01
V066,248,2013-04-01
V067,258,2013-04-01
V069,297,2013-04-01
V070,346,2013-04-01
V073,366,2013-04-01
V074,809,2013-04-01
V075,810,2013-04-01
V076,158,2013-04-01
V077,175,2013-04-01
V078,259,2013-04-01
V080,275,2013-04-01
V081,367,2013-04-01
V082,372,2013-04-01
V089,111,2013-04-01
V094,214,2013-04-01
V095,215,2013-04-01
V097,816,2013-04-01
V099,226,2013-04-01
V100,239,2013-04-01
V101,283,2013-04-01
V105,132,2013-04-01
V104,125,2013-04-01
V106,134,2013-04-01
V241,217,2013-04-01
V239,216,2013-04-01
V005,611,2013-04-01
V011,615,2013-04-01
V012,618,2013-04-01
V014,909,2013-04-01
V015,612,2013-04-01
V179,813,2013-04-01
V180,287,2013-04-01
V181,814,2013-04-01
V182,348,2013-04-01
V183,373,2013-04-01
V184,415,2013-04-01
V187,167,2013-04-01
V189,228,2013-04-01
V190,261,2013-04-01
V191,332,2013-04-01
V192,336,2013-04-01
V198,351,2013-04-01
V199,360,2013-04-01
V193,121,2013-04-01
V194,144,2013-04-01
8HT69,APX01,2015-04-01
V196,803,2013-04-01
V197,820,2013-04-01
V200,168,2013-04-01
V201,172,2013-04-01
V202,198,2013-04-01
V205,292,2013-04-01
V206,293,2013-04-01
V207,341,2013-04-01
V208,350,2013-04-01
V209,352,2013-04-01
V210,355,2013-04-01
V211,323,2013-04-01
V217,233,2013-04-01
V218,238,2013-04-01
V219,272,2013-04-01
V220,274,2013-04-01
V221,279,2013-04-01
V222,282,2013-04-01
V223,328,2013-04-01
V224,368,2013-04-01
V225,380,2013-04-01
V226,508,2013-04-01
V228,150,2013-04-01
V229,222,2013-04-01
V230,230,2013-04-01
V231,509,2013-04-01
V232,245,2013-04-01
V233,265,2013-04-01
V234,269,2013-04-01
RDZ30,R0D0C,2020-10-01
RFW,RQM,2015-09-01
RY1,RW4,2018-03-31
RE925,R0B0J,2019-04-01
RE924,R0B0A,2019-04-01
V363AA,411AA,2013-04-01
V377AA,213AA,2013-04-01
RXH25,D4T5P,2021-04-01
RXH26,U7L6D,2021-04-01
RXH30,RYR08,2021-04-01
RXH31,G4B5Q,2021-04-01
RXH38,G8B2R,2021-04-01
V021,623,2013-04-01
V024,190,2013-04-01
V025,232,2013-04-01
V107,148,2013-04-01
V108,151,2013-04-01
V109,160,2013-04-01
V110,185,2013-04-01
V111,223,2013-04-01
V113,281,2013-04-01
V114,621,2013-04-01
V116,622,2013-04-01
V115,347,2013-04-01
V117,356,2013-04-01
V120,164,2013-04-01
V121,193,2013-04-01
V122,196,2013-04-01
V124,338,2013-04-01
V125,349,2013-04-01
V126,203,2013-04-01
V128,716,2013-04-01
V130,718,2013-04-01
V131,719,2013-04-01
V132,720,2013-04-01
RC1,RC9,2020-04-01
V133,702,2013-04-01
V135,722,2013-04-01
V138,704,2013-04-01
V139,705,2013-04-01
V140,724,2013-04-01
V141,725,2013-04-01
V142,726,2013-04-01
V143,727,2013-04-01
V144,728,2013-04-01
V146,707,2013-04-01
V158,712,2013-04-01
V162,306,2013-04-01
V163,307,2013-04-01
V165,309,2013-04-01
V171,126,2013-04-01
V172,176,2013-04-01
V173,182,2013-04-01
V175,197,2013-04-01
V176,225,2013-04-01
V177,227,2013-04-01
RWQW5,R1ADX,2011-07-01
RWQW6,R1ADT,2011-07-01
V235,503,2013-04-01
V236,131,2013-04-01
V237,178,2013-04-01
V240,262,2013-04-01
V242,298,2013-04-01
V243,299,2013-04-01
V246,316,2013-04-01
V249,319,2013-04-01
V250,607,2013-04-01
V251,133,2013-04-01
V252,136,2013-04-01
V253,199,2013-04-01
V254,237,2013-04-01
V255,263,2013-04-01
V256,267,2013-04-01
V259,163,2013-04-01
V262,236,2013-04-01
V263,266,2013-04-01
V264,382,2013-04-01
V265,364,2013-04-01
V273,218,2013-04-01
V275,221,2013-04-01
V276,224,2013-04-01
V279,280,2013-04-01
V280,288,2013-04-01
V281,289,2013-04-01
V282,291,2013-04-01
V284,511,2013-04-01
V285,120,2013-04-01
V286,127,2013-04-01
V287,139,2013-04-01
V288,195,2013-04-01
V289,244,2013-04-01
V290,255,2013-04-01
V292,286,2013-04-01
V293,608,2013-04-01
V294,153,2013-04-01
V295,270,2013-04-01
V297,358,2013-04-01
V299,510,2013-04-01
V307,905,2013-04-01
V309,246,2013-04-01
V308,908,2013-04-01
8HX40,DWA,2019-03-11
RLN22,R0B05,2019-04-01
RLN23,R0B0Z,2019-04-01
RLN25,R0B0P,2019-04-01
RLN26,R0B12,2019-04-01
V393,902,2013-04-01
V394,116,2013-04-01
V396,417,2013-04-01
V397,817,2013-04-01
5P3JA,5QVC1,2010-04-01
5P3JJ,5QVC8,2010-04-01
5P3K1,5QVD2,2010-04-01
5P3K3,5QVD2,2010-04-01
5P3K4,5QVD4,2010-04-01
5P3K5,5QVD4,2010-04-01
5P3K7,5QVD5,2010-04-01
5P3K8,5QVD6,2010-04-01
5P3K9,5QVD7,2010-04-01
5P3KA,5QVD8,2010-04-01
5P3KC,5QVD9,2010-04-01
5P3KD,5QVE1,2010-04-01
5P3KE,5QVE3,2010-04-01
5P3KF,5QVE3,2010-04-01
5P3KG,5QVE4,2010-04-01
5P3KH,5QVE5,2010-04-01
5P3KJ,5QVE6,2010-04-01
5P3KK,5QVE7,2010-04-01
5P3KL,5QVF1,2010-04-01
5P3KN,5QVF1,2010-04-01
5P3KP,5QVF2,2010-04-01
5P3KQ,5QVF3,2010-04-01
5P3KR,5QVF4,2010-04-01
5P3KT,5QVF5,2010-04-01
5P3KW,5QVF7,2010-04-01
RDD,RAJ,2020-04-01
V244,369,2013-04-01
V247,318,2013-04-01
V258,504,2013-04-01
V298,370,2013-04-01
V314,371,2013-04-01
V387,276,2013-04-01
V388,375,2013-04-01
V033,321,2013-04-01
X09,X26,2013-04-01
5P4,5QV,2010-04-01
5P3,5QV,2010-04-01
5CC02,TAP02,2010-04-01
5CC03,TAP03,2010-04-01
5CC04,TAP04,2010-04-01
5CC05,TAP05,2010-04-01
5CC06,TAP06,2010-04-01
5CC07,TAP07,2010-04-01
5CC08,TAP08,2010-04-01
5CC09,TAP09,2010-04-01
5CC10,TAP10,2010-04-01
5CC11,TAP11,2010-04-01
5CC12,TAP12,2010-04-01
5CC13,TAP13,2010-04-01
5CC14,TAP14,2010-04-01
5CC15,TAP15,2010-04-01
5CC16,TAP16,2010-04-01
5CC17,TAP17,2010-04-01
5CC18,TAP18,2010-04-01
5CC19,TAP19,2010-04-01
5CC20,TAP20,2010-04-01
5CC21,TAP21,2010-04-01
5CC22,TAP22,2010-04-01
5CC23,TAP23,2010-04-01
5CC24,TAP24,2010-04-01
5CC25,TAP25,2010-04-01
5P4P3,5QV07,2010-04-01
5P401,5QV01,2010-04-01
5P402,5QV02,2010-04-01
5P403,5QV03,2010-04-01
5P4P1,5QV05,2010-04-01
5P4P0,5QV10,2010-04-01
5P4P2,5QV06,2010-04-01
5P4P4,5QV08,2010-04-01
5P4P5,5QV09,2010-04-01
5P4P7,5QV10,2010-04-01
5P4P8,5QV11,2010-04-01
5P4P9,5QV12,2010-04-01
5P4V0,5QV13,2010-04-01
5P4V1,5QV14,2010-04-01
5P4V2,5QV15,2010-04-01
5P4V4,5QV57,2010-04-01
5P4V5,5QV17,2010-04-01
5P4V6,5QV18,2010-04-01
5P4V7,5QV19,2010-04-01
5P4V8,5QV20,2010-04-01
5P4VA,5QV22,2010-04-01
5P4VC,5QV23,2010-04-01
5P4VD,5QV24,2010-04-01
5P4VF,5QV26,2010-04-01
5P4VG,5QVF8,2010-04-01
5P4VH,5QV28,2010-04-01
5P4VJ,5QV29,2010-04-01
5P4VK,5QV30,2010-04-01
5P4VL,5QV31,2010-04-01
5P4VM,5QV32,2010-04-01
5P4W0,5QV33,2010-04-01
5P4W1,5QV34,2010-04-01
5P4W2,5QV35,2010-04-01
5P4W3,5QV36,2010-04-01
5P4W4,5QV37,2010-04-01
5P4W5,5QV38,2010-04-01
5P4W6,5QV39,2010-04-01
5P4W7,5QV40,2010-04-01
5P4W8,5QV41,2010-04-01
5P4WD,5QV42,2010-04-01
5P4WE,5QV43,2010-04-01
5P4WF,5QV44,2010-04-01
5P4WG,5QV45,2010-04-01
5P4WH,5QV46,2010-04-01
5P4WJ,5QV47,2010-04-01
5P4WK,5QV48,2010-04-01
5P4WL,5QV49,2010-04-01
5P4WM,5QV50,2010-04-01
5P4WN,5QV51,2010-04-01
RTVA9,A8Z3F,2021-06-01
RTVA6,F9O5Y,2021-06-01
RTVA7,U8Q8Q,2021-06-01
V311,290,2013-04-01
V312,329,2013-04-01
V313,345,2013-04-01
V315,204,2013-04-01
V319,413,2013-04-01
V320,143,2013-04-01
V321,180,2013-04-01
V322,240,2013-04-01
V325,334,2013-04-01
V328,343,2013-04-01
V331,192,2013-04-01
V335,339,2013-04-01
V336,361,2013-04-01
V338,184,2013-04-01
V339,186,2013-04-01
V340,208,2013-04-01
V341,251,2013-04-01
V342,277,2013-04-01
V344,331,2013-04-01
V345,340,2013-04-01
V346,344,2013-04-01
V347,362,2013-04-01
V348,374,2013-04-01
V351,109,2013-04-01
V349,404,2013-04-01
V353,264,2013-04-01
V357,359,2013-04-01
V354,268,2013-04-01
V356,337,2013-04-01
V358,406,2013-04-01
V359,407,2013-04-01
V363,411,2013-04-01
RD301,R0D12,2020-10-01
5P4X1,5QV53,2010-04-01
5P4X3,5QV55,2010-04-01
5P4X4,5QV56,2010-04-01
5P4X7,5QV58,2010-04-01
5P4X8,5QV59,2010-04-01
5P4XD,5QV61,2010-04-01
5P4XE,5QV62,2010-04-01
5P4XF,5QV63,2010-04-01
5P4XH,5QV64,2010-04-01
RTV51,D6B5D,2021-06-01
RC321,R1K69,2015-04-01
V361,409,2013-04-01
V360,408,2013-04-01
V364,412,2013-04-01
V366,105,2013-04-01
V367,119,2013-04-01
V368,155,2013-04-01
V369,166,2013-04-01
V370,231,2013-04-01
V371,250,2013-04-01
RXH48,RYR14,2021-04-01
RXH49,X2I9R,2021-04-01
5CC,TAP,2010-04-01
V006,V398,2009-04-01
TAM01,5QW01,2011-04-15
TAM02,5QW02,2011-04-15
TAM03,5QW03,2011-04-15
RJF,RTG,2018-06-30
RQN,RYJ,2007-10-01
RJ5,RYJ,2007-10-01
RR1,RRK,2018-04-02
RD325,R0D12,2020-10-01
RLNCL,R0B08,2019-04-01
TAM,5QW,2011-04-15
TAM04,5QW04,2011-04-15
TAM06,5QW06,2011-04-15
TAM07,5QW07,2011-04-15
TAM08,5QW08,2011-04-15
TAM09,5QW09,2011-04-15
TAM10,5QW10,2011-04-15
TAM11,5QW11,2011-04-15
TAM12,5QW12,2011-04-15
TAM13,5QW13,2011-04-15
TAM14,5QW14,2011-04-15
TAM15,5QW15,2011-04-15
TAM16,5QW16,2011-04-15
TAM17,5QW17,2011-04-15
TAM18,5QW18,2011-04-15
TAM19,5QW19,2011-04-15
TAM20,5QW20,2011-04-15
TAM21,5QW21,2011-04-15
V062,296,2013-04-01
V167,311,2013-04-01
V169,313,2013-04-01
V214,140,2013-04-01
8A872,DL0,2018-04-01
TAM22,5QW22,2011-04-15
TAM23,5QW23,2011-04-15
TAM24,5QW24,2011-04-15
TAM25,5QW25,2011-04-15
TAM26,5QW26,2011-04-15
TAM27,5QW27,2011-04-15
TAM28,5QW28,2011-04-15
TAM29,5QW29,2011-04-15
TAM30,5QW30,2011-04-15
TAM31,5QW31,2011-04-15
TAM32,5QW32,2011-04-15
TAM33,5QW33,2011-04-15
TAM34,5QW34,2011-04-15
TAM35,5QW35,2011-04-15
TAM36,5QW36,2011-04-15
TAM37,5QW37,2011-04-15
TAM38,5QW38,2011-04-15
TAM39,5QW39,2011-04-15
TAM40,5QW40,2011-04-15
TAM41,5QW41,2011-04-15
TAM42,5QW42,2011-04-15
TAM43,5QW43,2011-04-15
TAM44,5QW44,2011-04-15
TAM45,5QW45,2011-04-15
TAM46,5QW46,2011-04-15
TAM47,5QW47,2011-04-15
TAM49,5QW49,2011-04-15
TAM50,5QW50,2011-04-15
RHX,RW1,2012-11-02
TAM51,5QW51,2011-04-15
TAM52,5QW52,2011-04-15
TAM53,5QW53,2011-04-15
TAM54,5QW54,2011-04-15
TAMC1,5QWC1,2011-04-15
TAMC2,5QWC2,2011-04-15
TAMF1,5QWF1,2011-04-15
TAMHQ,5QWHQ,2011-04-15
TAML1,5QWL1,2011-04-15
TAMP1,5QWP1,2011-04-15
RLNDR,R0B07,2019-04-01
RVY,RBN,2023-07-01
RD7,RDU,2014-10-01
R1E,RRE,2018-05-31
RCC,RCB,2012-07-01
RXH01,E0A3H,2021-04-01
RXH16,Q0J5H,2021-04-01
RXH06,G0W1C,2021-04-01
RXH05,E0N1P,2021-04-01
RXH09,N6J7V,2021-04-01
8D433,APX03,2015-04-01
V372,376,2013-04-01
V374,210,2013-04-01
V384,416,2013-04-01
V385,137,2013-04-01
V386,243,2013-04-01
V389,378,2013-04-01
V390,381,2013-04-01
V227,128,2013-04-01
V002,107,2013-04-01
V145,706,2013-04-01
RXH57,A1G3F,2021-04-01
8HX49,DV3,2018-10-02
RTVJ4,S3A1N,2021-06-01
8HR61,DLA,2019-04-01
RTVM4,A5I8N,2021-06-01
RTVL6,X0T8F,2021-06-01
RTVM8,A6I1E,2021-06-01
RLN27,R0B0I,2019-04-01
RLN28,R0B0O,2019-04-01
RLN29,R0B17,2019-04-01
RLN24,R0B0F,2019-04-01
V009,616,2013-04-01
V013,619,2013-04-01
V018,613,2013-04-01
V019,294,2013-04-01
V023,173,2013-04-01
V375,211,2013-04-01
V026,624,2013-04-01
RLN14,R0B09,2019-04-01
RLN15,R0B06,2019-04-01
RWN,R1L,2017-04-01
RQ8,RAJ,2020-04-01
T1430,X26,2013-04-01
RXH41,A6V7X,2021-04-01
V195,365,2013-04-01
5P4Y8,5QV85,2010-04-01
RQ629,REMAQ,2019-10-01
RW3,R0A,2017-10-01
10J,D9Y0V,2021-04-01
RXH61,V2W0H,2021-04-01
RLN31,R0B18,2019-04-01
5P4XJ,5QV65,2010-04-01
5P4XK,5QV66,2010-04-01
5P4XL,5QV67,2010-04-01
5P4XM,5QV68,2010-04-01
5P4XN,5QV69,2010-04-01
5P4XP,5QV70,2010-04-01
5P4XQ,5QV71,2010-04-01
5P4XR,5QV72,2010-04-01
5P4XT,5QV73,2010-04-01
5P4XV,5QV74,2010-04-01
5P4XW,5QV75,2010-04-01
5P4XX,5QV76,2010-04-01
5P4XY,5QV77,2010-04-01
5P4Y1,5QV78,2010-04-01
5P4Y2,5QV79,2010-04-01
5P4Y3,5QV80,2010-04-01
5P4Y4,5QV81,2010-04-01
5P4Y5,5QV82,2010-04-01
5P4Y6,5QV83,2010-04-01
5P4Y7,5QV84,2010-04-01
5P4Y9,5QV86,2010-04-01
5P3G0,5QV93,2010-04-01
5P3G1,5QVC1,2010-04-01
5P3G2,5QV89,2010-04-01
5P3G4,5QVC1,2010-04-01
5P3G5,5QV91,2010-04-01
5P3G6,5QV92,2010-04-01
5P3G7,5QV93,2010-04-01
5P3H0,5QVA3,2010-04-01
5P3H2,5QV95,2010-04-01
5P3H3,5QV96,2010-04-01
5P3H4,5QV97,2010-04-01
5P3H5,5QV98,2010-04-01
5P3H6,5QV99,2010-04-01
5P3H7,5QVA1,2010-04-01
5P3H8,5QVA2,2010-04-01
5P3H9,5QVA3,2010-04-01
5P3HA,5QVA4,2010-04-01
5P3HC,5QVA5,2010-04-01
5P3HD,5QVA6,2010-04-01
5P3HE,5QVC8,2010-04-01
RTV65,Q1N8B,2021-06-01
V096,815,2013-04-01
V098,181,2013-04-01
V036,322,2013-04-01
V085,117,2013-04-01
V166,310,2013-04-01
V306,418,2013-04-01
V392,326,2013-04-01
V395,104,2013-04-01
V157,735,2013-04-01
V156,711,2013-04-01
RVL,RAL,2014-07-02
RXH07,X5M8P,2021-04-01
RXH19,A1R7Z,2021-04-01
V155,734,2013-04-01
V154,710,2013-04-01
V153,733,2013-04-01
V152,732,2013-04-01
V257,314,2013-04-01
V248,317,2013-04-01
V238,159,2013-04-01
V188,177,2013-04-01
V352,110,2013-04-01
V350,106,2013-04-01
V343,285,2013-04-01
V334,333,2013-04-01
V326,335,2013-04-01
V324,330,2013-04-01
V056,507,2013-04-01
V059,229,2013-04-01
V068,913,2013-04-01
V071,914,2013-04-01
V310,910,2013-04-01
V316,205,2013-04-01
V079,811,2013-04-01
V291,512,2013-04-01
V278,113,2013-04-01
V283,219,2013-04-01
V277,112,2013-04-01
V123,911,2013-04-01
RTVN1,J7Y5C,2021-06-01
RTVN3,P0A6Y,2021-06-01
RTVN9,O0T7O,2021-06-01
RTVP1,P0R8Q,2021-06-01
RTVP2,U5B9F,2021-06-01
RTVN7,B2H1B,2021-06-01
RTVP3,S0X6R,2021-06-01
05F,18C,2020-04-01
08H,93C,2020-04-01
07L,A3A8R,2021-04-01
07M,93C,2020-04-01
07N,72Q,2020-04-01
07P,W2U3Z,2021-04-01
07Q,72Q,2020-04-01
07R,93C,2020-04-01
07T,A3A8R,2021-04-01
07V,36L,2020-04-01
07W,W2U3Z,2021-04-01
07X,93C,2020-04-01
07Y,W2U3Z,2021-04-01
08A,72Q,2020-04-01
08C,W2U3Z,2021-04-01
08D,93C,2020-04-01
08E,W2U3Z,2021-04-01
08F,A3A8R,2021-04-01
08G,W2U3Z,2021-04-01
08J,36L,2020-04-01
08K,72Q,2020-04-01
08L,72Q,2020-04-01
08M,A3A8R,2021-04-01
08N,A3A8R,2021-04-01
08P,36L,2020-04-01
08Q,72Q,2020-04-01
08R,36L,2020-04-01
08T,36L,2020-04-01
08V,A3A8R,2021-04-01
08W,A3A8R,2021-04-01
08X,36L,2020-04-01
08Y,W2U3Z,2021-04-01
09A,W2U3Z,2021-04-01
03T,71E,2020-04-01
03V,78H,2020-04-01
03X,15M,2019-04-01
03Y,15M,2019-04-01
04D,71E,2020-04-01
04E,52R,2020-04-01
04F,M1J4Y,2021-04-01
04G,78H,2020-04-01
04H,52R,2020-04-01
04J,15M,2019-04-01
04K,52R,2020-04-01
04L,52R,2020-04-01
04M,52R,2020-04-01
04N,52R,2020-04-01
04Q,71E,2020-04-01
04R,15M,2019-04-01
04X,15E,2018-04-01
05A,B2M3M,2021-04-01
05C,D2P2L,2021-04-01
05H,B2M3M,2021-04-01
05J,18C,2020-04-01
05L,D2P2L,2021-04-01
05N,M2L0M,2021-04-01
05P,15E,2018-04-01
05R,B2M3M,2021-04-01
05T,18C,2020-04-01
05X,M2L0M,2021-04-01
05Y,D2P2L,2021-04-01
06A,D2P2L,2021-04-01
06D,18C,2020-04-01
06F,M1J4Y,2021-04-01
06M,26A,2020-04-01
06P,M1J4Y,2021-04-01
06V,26A,2020-04-01
06W,26A,2020-04-01
06Y,26A,2020-04-01
07J,26A,2020-04-01
99D,71E,2020-04-01
00C,16C,2020-04-01
00D,84H,2020-04-01
00F,13T,2015-04-01
00G,13T,2015-04-01
00H,13T,2015-04-01
00J,84H,2020-04-01
00K,16C,2020-04-01
00M,16C,2020-04-01
00W,14L,2017-04-01
01C,27D,2020-04-01
01M,14L,2017-04-01
01N,14L,2017-04-01
01R,27D,2020-04-01
02D,27D,2020-04-01
02F,27D,2020-04-01
02N,36J,2020-04-01
02R,36J,2020-04-01
02V,15F,2018-04-01
02W,36J,2020-04-01
03A,X2C4Y,2021-04-01
03C,15F,2018-04-01
03D,42D,2020-04-01
03E,42D,2020-04-01
03G,15F,2018-04-01
03J,X2C4Y,2021-04-01
03M,42D,2020-04-01
09C,91Q,2020-04-01
09E,91Q,2020-04-01
09F,97R,2020-04-01
09G,70F,2020-04-01
09H,70F,2020-04-01
09J,91Q,2020-04-01
09L,92A,2020-04-01
09N,92A,2020-04-01
09P,97R,2020-04-01
09W,91Q,2020-04-01
09X,70F,2020-04-01
09Y,92A,2020-04-01
10A,91Q,2020-04-01
10C,D4U1Y,2021-04-01
10D,91Q,2020-04-01
10E,91Q,2020-04-01
10G,15D,2018-04-01
10H,14Y,2018-04-01
10K,D9Y0V,2021-04-01
10L,D9Y0V,2021-04-01
10M,15A,2018-04-01
10N,15A,2018-04-01
10T,15D,2018-04-01
10V,D9Y0V,2021-04-01
10W,15A,2018-04-01
10X,D9Y0V,2021-04-01
10Y,14Y,2018-04-01
11A,D9Y0V,2021-04-01
11C,15D,2018-04-01
11D,15A,2018-04-01
11E,92G,2020-04-01
11H,15C,2018-04-01
11T,15C,2018-04-01
12A,15C,2018-04-01
12D,92G,2020-04-01
99H,92A,2020-04-01
99J,91Q,2020-04-01
99K,97R,2020-04-01
99M,D4U1Y,2021-04-01
99N,92G,2020-04-01
99P,15N,2019-04-01
99Q,15N,2019-04-01
0CE,0CY,2014-10-01
Q44,Q75,2015-04-01
Q45,Q74,2015-04-01
Q46,Q73,2015-04-01
Q47,Q73,2015-04-01
Q48,Q75,2015-04-01
Q49,Q74,2015-04-01
Q50,Q72,2015-04-01
Q51,Q72,2015-04-01
Q52,Q72,2015-04-01
Q53,Q77,2015-04-01
Q54,Q77,2015-04-01
Q55,Q76,2015-04-01
Q56,Q79,2015-04-01
Q57,Q79,2015-04-01
Q58,Q78,2015-04-01
Q59,Q78,2015-04-01
Q60,Q76,2015-04-01
Q64,Q82,2015-04-01
Q65,Q80,2015-04-01
Q66,Q80,2015-04-01
Q67,Q81,2015-04-01
Q68,Q81,2015-04-01
Q69,Q82,2015-04-01
Y54,Y62,2019-04-01
Y54,Y63,2019-04-01
Y55,Y60,2019-04-01
Y55,Y61,2019-04-01
13N,14G,2020-04-01
0AA,0DE,2015-04-01
0AC,0DF,2015-04-01
0AE,0DF,2015-04-01
0AJ,0CY,2014-10-01
0AK,0DE,2015-04-01
0AM,0DC,2014-10-01
0AQ,0DJ,2017-04-01
0AV,0DA,2014-10-01
0AW,0DF,2015-04-01
0AX,0DC,2014-10-01
04HAD,52RAG,2020-04-01
0CF,0DA,2014-10-01
RTVP8,U3C2B,2021-06-01
RLN34,R0B0L,2019-04-01
13P,15E,2018-04-01
04EAA,52RAG,2020-04-01
04LAA,52RAG,2020-04-01
04MAA,52RAG,2020-04-01
04NAA,52RAG,2020-04-01
V377,213,2013-04-01
V362,410,2013-04-01
V160,304,2013-04-01
RQ6,REM,2019-10-01
RV8,R1K,2014-10-01
RA3,RA7,2020-04-01
R1J,RTQ,2019-10-01
RDZ52,R0D04,2020-10-01
RDZ53,R0D0F,2020-10-01
RDZ54,R0D0G,2020-10-01
379,916,2020-04-01
RTVQ1,P1X4F,2021-06-01
RE961,R0B0G,2019-04-01
00FAA,13TAA,2015-04-01
00GAA,13TAA,2015-04-01
00HAA,13TAA,2015-04-01
RQ637,REMAE,2019-10-01
RQ638,REM60,2019-10-01
RQ639,REM35,2019-10-01
RQ641,REM62,2019-10-01
02NAC,36JAD,2020-04-01
115,H6X4G,2023-04-01
122,916,2020-04-01
124,W8X1Q,2023-04-01
146,H6X4G,2023-04-01
156,916,2020-04-01
158,738,2019-04-01
162,H6X4G,2023-04-01
163,Z9D4Z,2021-04-01
165,218,2023-04-01
169,U6Q5Z,2021-04-01
175,809,2019-04-01
179,Z9D4Z,2021-04-01
183,W8X1Q,2023-04-01
192,741,2019-04-01
221,218,2023-04-01
224,218,2023-04-01
236,Z9D4Z,2021-04-01
246,905,2023-04-01
259,809,2019-04-01
266,U6Q5Z,2021-04-01
275,809,2019-04-01
280,218,2023-04-01
288,218,2023-04-01
289,218,2023-04-01
290,905,2023-04-01
291,218,2023-04-01
294,916,2020-04-01
303,W8X1Q,2023-04-01
382,U6Q5Z,2021-04-01
329,905,2023-04-01
333,741,2019-04-01
339,740,2019-04-01
345,739,2019-04-01
RTVQ2,U5N9B,2021-06-01
RXH62,H9S1B,2021-04-01
02FAA,27DAC,2020-04-01
RXH63,O4F7H,2021-04-01
RTVP9,M4F3K,2021-06-01
361,740,2019-04-01
364,Z9D4Z,2021-04-01
367,809,2019-04-01
371,739,2019-04-01
372,809,2019-04-01
8J632,DRL,2018-04-01
RQ613,REMAT,2019-10-01
RTVQ3,Y4K8J,2021-06-01
RXH67,X5K5M,2021-04-01
RXH68,A3J9W,2021-04-01
RTV1K,M8G6S,2021-06-01
RTV1M,F8E6S,2021-06-01
RTV1P,X9E6A,2021-06-01
00GAC,13TAC,2015-04-01
RXH66,D5V3Y,2021-04-01
0CY,YDDTR,2016-04-01
0DC,0DJ,2017-04-01
RTVQ4,F2B7X,2021-06-01
RTVR8,F3F0T,2021-06-01
RTVV1,H2F7O,2021-06-01
RTVV3,O5R1R,2021-06-01
RTVV4,F4Y4H,2021-06-01
RTVV8,J5R9G,2021-06-01
RTVW1,Z3F3M,2021-06-01
RTVW6,F8Q4Z,2021-06-01
RTVX2,Y4Y5K,2021-06-01
RTVX6,Z0F9G,2021-06-01
RTVY3,J4P0Z,2021-06-01
RTVY5,B0W9J,2021-06-01
RTV0A,Y8Z1Y,2021-06-01
RTV0D,Y6S5W,2021-06-01
RTV0H,J0E6R,2021-06-01
RTV0K,N7S3Y,2021-06-01
RTV0N,L9C1K,2021-06-01
RTV0Q,V5G6U,2021-06-01
RTV0V,C9M3M,2021-06-01
RTV0Y,Y8Y7B,2021-06-01
RTVV5,N4Y4U,2021-06-01
RTVX5,U1C1W,2021-06-01
RTV1C,F2W7S,2021-06-01
RTV1E,T4Y3B,2021-06-01
RTV1F,S2J5U,2021-06-01
00FAC,13TAD,2015-04-01
00FAD,13TAE,2015-04-01
00FAE,13TAF,2015-04-01
00FAF,13TAG,2015-04-01
00FAG,13TAH,2015-04-01
00FAH,13TAJ,2015-04-01
00FAJ,13TAK,2015-04-01
00FAK,13TAL,2015-04-01
00FAL,13TAM,2015-04-01
00FAM,13TAN,2015-04-01
00FAN,13TAP,2015-04-01
00FAP,13TAQ,2015-04-01
00FAQ,13TAR,2015-04-01
00FAR,13TAT,2015-04-01
00FAT,13TAV,2015-04-01
00FAV,13TAW,2015-04-01
00FAW,13TAX,2015-04-01
V05883,V46876,2014-08-20
V06704,V80445,2015-04-01
V01679,V81550,2015-04-01
V01679,V81854,2015-04-01
V01679,V81871,2015-04-01
V02337,V81636,2015-04-01
V05007,V82663,2019-04-01
V05007,V82664,2019-04-01
V07644,V80922,2015-04-01
V07738,V81119,2015-04-01
V12202,V81303,2015-04-01
RD313,R0D07,2020-10-01
00GAD,13TAY,2015-04-01
00GAE,13TCA,2015-04-01
00GAF,13TCC,2015-04-01
00GAG,13TCD,2015-04-01
00GAH,13TCE,2015-04-01
13V,85J,2020-04-01
13W,14J,2016-04-01
13W,14K,2016-04-01
13W,27T,2020-04-01
13X,85J,2020-04-01
13Y,27T,2020-04-01
14C,14A,2020-04-01
14D,14A,2020-04-01
14H,14G,2020-04-01
04LAE,52RAE,2020-04-01
04MAE,52RAD,2020-04-01
RXH69,G6O4E,2021-04-01
RXH71,Y9Z9N,2021-04-01
8JC02,DV7,2019-07-30
RTV2A,G6A5P,2021-06-01
8JD01,AD7,2019-12-01
RXH72,W2L8V,2021-04-01
8JD24,DH8,2017-04-01
RXH73,Z9C2L,2021-04-01
RXH70,J1Y5Y,2021-04-01
RTV1W,A4V8I,2021-06-01
RTV1X,P8N0C,2021-06-01
RD324,R0D0I,2020-10-01
8WG77,AJE03,2018-06-26
RXH74,I2V6W,2021-04-01
14J,27T,2020-04-01
14K,27T,2020-04-01
RXH75,Q4Q6G,2021-04-01
RXH76,H8M1L,2021-04-01
RXH77,B8P8E,2021-04-01
RTV2G,H0Q7E,2021-06-01
RTV2H,Z8X1C,2021-06-01
01RAC,27DAA,2020-04-01
02DAA,27DAA,2020-04-01
01CAC,27DAD,2020-04-01
RXH78,C8K0Z,2021-04-01
05FAA,18CAE,2020-04-01
RD3JH,R0D04,2020-10-01
05JAE,18CAD,2020-04-01
8JK45,DGE,2017-04-01
8JK46,DGC,2017-04-01
8JK48,DGA,2019-05-28
RQ644,REMAW,2019-10-01
RQ651,REMAA,2019-10-01
RQ652,REMAN,2019-10-01
RQ653,REM23,2019-10-01
RQ645,REM21,2019-10-01
RQ648,REMAJ,2019-10-01
RQ649,REMAC,2019-10-01
RQ650,REMAD,2019-10-01
15D,D4U1Y,2021-04-01
RQ646,REMBA,2019-10-01
RQ647,REMAZ,2019-10-01
RLN43,R0B14,2019-04-01
RXH79,C1D8Z,2021-04-01
RXH80,E3X8I,2021-04-01
RQ654,REMAU,2019-10-01
RQ655,REMBE,2019-10-01
15G,14F,2020-04-01
15H,14F,2020-04-01
15J,14G,2020-04-01
15K,14G,2020-04-01
RXH81,B3D7D,2021-04-01
V44614,V80929,2015-04-01
QVP,QHM,2018-04-01
QT8,QHM,2018-04-01
QMK,QHM,2018-04-01
RLNDC,R0B0B,2019-04-01
14N,76A,2020-04-01
14P,76A,2020-04-01
14V,97T,2020-04-01
14W,97T,2020-04-01
14X,32T,2020-04-01
RQ657,REMAS,2019-10-01
DL5,8JN89,2017-10-01
02RDG,36JAC,2020-04-01
02RDF,36JAA,2020-04-01
05TAH,18CAC,2020-04-01
8K421,U7R1J,2023-08-18
RLN44,R0B0C,2019-04-01
RQ658,REMBM,2019-10-01
RLN45,R0B11,2019-04-01
8KA45,X8S6J,2021-04-01
739,905,2023-04-01
05TAC,18CAF,2020-04-01
05TAD,18CAG,2020-04-01
RTV2P,R6H8K,2021-06-01
8JL30,DTK,2018-10-01
8KH14,GDG,2020-07-16
RQ659,REMAY,2019-10-01
RQ660,REMAM,2019-10-01
04NAD,52RAF,2020-04-01
U50320,U58127,2020-01-01
U50320,U29575,2020-01-01
U19037,U93165,2021-04-01
U27032,U93165,2021-04-01
U50130,U23544,2022-04-01
U65725,U79397,2022-04-01
U65725,U76753,2022-04-01
U12587,U11559,2020-04-01
U32212,U33065,2020-04-01
U94471,U33065,2020-04-01
U88724,U11559,2020-04-01
U36887,U35513,2020-04-01
U94399,U08229,2020-07-01
U76226,U42142,2020-04-01
U76226,U03379,2020-04-01
U40253,U28266,2020-04-01
U40253,U72457,2020-04-01
U40253,U40386,2020-04-01
U57426,U37339,2020-04-01
U08744,U37339,2020-04-01
U07199,U29677,2021-04-01
U54308,U29677,2021-04-01
